anchor_id,tag
1,pat_ds::array::core::two-sum-hash
167,pat_ds::array::core::two-sum-hash
653,pat_ds::array::core::two-sum-hash
560,pat_ds::array::core::prefix-sum-hashmap
974,pat_ds::array::core::prefix-sum-hashmap
525,pat_ds::array::core::prefix-sum-hashmap
523,pat_ds::array::core::prefix-sum-hashmap
304,pat_ds::array::core::prefix-sum-hashmap
363,pat_ds::array::core::prefix-sum-hashmap
53,pat_ds::array::core::kadane
152,pat_ds::array::core::kadane
918,pat_ds::array::core::kadane
1567,pat_ds::array::core::kadane
41,pat_ds::array::core::index-as-hash
268,pat_ds::array::core::index-as-hash
287,pat_ds::array::core::index-as-hash
442,pat_ds::array::core::index-as-hash
448,pat_ds::array::core::index-as-hash
26,pat_ds::array::core::in-place-read-write
27,pat_ds::array::core::in-place-read-write
80,pat_ds::array::core::in-place-read-write
283,pat_ds::array::core::in-place-read-write
75,pat_ds::array::core::in-place-read-write
189,pat_ds::array::core::rotate-reverse
48,pat_ds::array::core::rotate-reverse
151,pat_ds::array::core::rotate-reverse
242,pat_ds::string::core::anagram-keying
49,pat_ds::string::core::anagram-keying
438,pat_ds::string::core::anagram-keying
125,pat_ds::string::core::palindrome-two-ptr
680,pat_ds::string::core::palindrome-two-ptr
234,pat_ds::string::core::palindrome-two-ptr
5,pat_ds::string::core::expand-around-center
647,pat_ds::string::core::expand-around-center
1312,pat_ds::string::core::expand-around-center
76,pat_ds::string::core::minimum-window
567,pat_ds::string::core::minimum-window
438,pat_ds::string::core::minimum-window
30,pat_ds::string::core::minimum-window
127,pat_ds::string::core::word-ladder-bfs
433,pat_ds::string::core::word-ladder-bfs
752,pat_ds::string::core::word-ladder-bfs
126,pat_ds::string::core::word-ladder-bfs
72,pat_ds::string::core::edit-distance-dp
583,pat_ds::string::core::edit-distance-dp
1143,pat_ds::string::core::edit-distance-dp
10,pat_ds::string::core::edit-distance-dp
44,pat_ds::string::core::edit-distance-dp
583,pat_ds::string::core::edit-distance-dp
141,pat_ds::linked-list::core::floyd-cycle
142,pat_ds::linked-list::core::floyd-cycle
287,pat_ds::linked-list::core::floyd-cycle
202,pat_ds::linked-list::core::floyd-cycle
876,pat_ds::linked-list::core::slow-fast-middle
234,pat_ds::linked-list::core::slow-fast-middle
143,pat_ds::linked-list::core::slow-fast-middle
19,pat_ds::linked-list::core::nth-from-end
206,pat_ds::linked-list::core::iterative-reverse
92,pat_ds::linked-list::core::iterative-reverse
25,pat_ds::linked-list::core::iterative-reverse
234,pat_ds::linked-list::core::iterative-reverse
160,pat_ds::linked-list::core::aligned-intersect
21,pat_ds::linked-list::core::dummy-head-merge
23,pat_ds::linked-list::core::dummy-head-merge
155,pat_ds::stack::core::min-stack-design
716,pat_ds::stack::core::min-stack-design
232,pat_ds::stack::core::min-stack-design
225,pat_ds::stack::core::min-stack-design
895,pat_ds::stack::core::min-stack-design
1381,pat_ds::stack::core::min-stack-design
946,pat_ds::stack::core::validate-stack-seq
735,pat_ds::stack::core::validate-stack-seq
901,pat_ds::stack::core::validate-stack-seq
1441,pat_ds::stack::core::validate-stack-seq
232,pat_ds::queue::core::queue-from-stacks
225,pat_ds::queue::core::queue-from-stacks
622,pat_ds::queue::core::queue-from-stacks
641,pat_ds::queue::core::queue-from-stacks
346,pat_ds::queue::core::moving-average-stream
933,pat_ds::queue::core::moving-average-stream
1352,pat_ds::queue::core::moving-average-stream
104,pat_ds::tree::core::post-order-depth
543,pat_ds::tree::core::post-order-depth
110,pat_ds::tree::core::post-order-depth
687,pat_ds::tree::core::post-order-depth
1245,pat_ds::tree::core::post-order-depth
124,pat_ds::tree::core::post-order-depth
112,pat_ds::tree::core::path-sum-dfs
113,pat_ds::tree::core::path-sum-dfs
437,pat_ds::tree::core::path-sum-dfs
129,pat_ds::tree::core::path-sum-dfs
257,pat_ds::tree::core::path-sum-dfs
236,pat_ds::tree::core::lca-dfs
235,pat_ds::tree::core::lca-dfs
1644,pat_ds::tree::core::lca-dfs
1650,pat_ds::tree::core::lca-dfs
1123,pat_ds::tree::core::lca-dfs
1676,pat_ds::tree::core::lca-dfs
105,pat_ds::tree::core::construct-from-traversals
106,pat_ds::tree::core::construct-from-traversals
889,pat_ds::tree::core::construct-from-traversals
297,pat_ds::tree::core::serialize-tree
449,pat_ds::tree::core::serialize-tree
572,pat_ds::tree::core::serialize-tree
652,pat_ds::tree::core::serialize-tree
208,pat_ds::trie::core::trie-basic
211,pat_ds::trie::core::trie-basic
211,pat_ds::trie::core::trie-wildcard
676,pat_ds::trie::core::trie-wildcard
745,pat_ds::trie::core::trie-wildcard
215,pat_topic::heap::top-k
347,pat_topic::heap::top-k
692,pat_topic::heap::top-k
973,pat_topic::heap::top-k
703,pat_topic::heap::top-k
295,pat_topic::heap::two-heap-median
480,pat_topic::heap::two-heap-median
1825,pat_topic::heap::two-heap-median
23,pat_topic::heap::k-way-merge
632,pat_topic::heap::k-way-merge
378,pat_topic::heap::k-way-merge
373,pat_topic::heap::k-way-merge
621,pat_topic::heap::event-driven-scheduling
1834,pat_topic::heap::event-driven-scheduling
1882,pat_topic::heap::event-driven-scheduling
1942,pat_topic::heap::event-driven-scheduling
743,pat_topic::heap::dijkstra
787,pat_topic::heap::dijkstra
1631,pat_topic::heap::dijkstra
778,pat_topic::heap::dijkstra
2812,pat_topic::heap::dijkstra
2642,pat_topic::heap::dijkstra
200,pat_ds::graph::core::cc-dfs-uf
547,pat_ds::graph::core::cc-dfs-uf
323,pat_ds::graph::core::cc-dfs-uf
695,pat_ds::graph::core::cc-dfs-uf
130,pat_ds::graph::core::cc-dfs-uf
1971,pat_ds::graph::core::cc-dfs-uf
207,pat_ds::graph::core::topo-sort
210,pat_ds::graph::core::topo-sort
269,pat_ds::graph::core::topo-sort
444,pat_ds::graph::core::topo-sort
802,pat_ds::graph::core::topo-sort
2050,pat_ds::graph::core::topo-sort
1857,pat_ds::graph::core::topo-sort
1136,pat_ds::graph::core::topo-sort
207,pat_ds::graph::core::cycle-3color
802,pat_ds::graph::core::cycle-3color
785,pat_ds::graph::core::bipartite
886,pat_ds::graph::core::bipartite
329,pat_ds::graph::core::dag-longest-path
1857,pat_ds::graph::core::dag-longest-path
2050,pat_ds::graph::core::dag-longest-path
2127,pat_ds::graph::core::dag-longest-path
1135,pat_ds::graph::core::mst
1584,pat_ds::graph::core::mst
1489,pat_ds::graph::core::mst
1462,pat_ds::graph::core::ancestor-reachability
2192,pat_ds::graph::core::ancestor-reachability
851,pat_ds::graph::core::ancestor-reachability
802,pat_ds::graph::core::ancestor-reachability
217,pat_topic::hash::seen-set
219,pat_topic::hash::seen-set
287,pat_topic::hash::seen-set
141,pat_topic::hash::seen-set
387,pat_topic::hash::freq-counter
169,pat_topic::hash::freq-counter
49,pat_topic::hash::freq-counter
242,pat_topic::hash::freq-counter
567,pat_topic::hash::freq-counter
1,pat_topic::hash::complement-lookup
167,pat_topic::hash::complement-lookup
653,pat_topic::hash::complement-lookup
560,pat_topic::hash::complement-lookup
974,pat_topic::hash::complement-lookup
70,pat_topic::dp::dp-1d-linear
198,pat_topic::dp::dp-1d-linear
213,pat_topic::dp::dp-1d-linear
300,pat_topic::dp::dp-1d-linear
91,pat_topic::dp::dp-1d-linear
139,pat_topic::dp::dp-1d-linear
322,pat_topic::dp::dp-1d-linear
198,pat_topic::dp::dp-1d-linear
746,pat_topic::dp::dp-1d-linear
62,pat_topic::dp::dp-2d-grid
63,pat_topic::dp::dp-2d-grid
64,pat_topic::dp::dp-2d-grid
221,pat_topic::dp::dp-2d-grid
174,pat_topic::dp::dp-2d-grid
931,pat_topic::dp::dp-2d-grid
72,pat_topic::dp::dp-2-strings
583,pat_topic::dp::dp-2-strings
1143,pat_topic::dp::dp-2-strings
10,pat_topic::dp::dp-2-strings
44,pat_topic::dp::dp-2-strings
97,pat_topic::dp::dp-2-strings
115,pat_topic::dp::dp-2-strings
416,pat_topic::dp::knapsack-01
494,pat_topic::dp::knapsack-01
1049,pat_topic::dp::knapsack-01
879,pat_topic::dp::knapsack-01
474,pat_topic::dp::knapsack-01
322,pat_topic::dp::knapsack-unbounded
518,pat_topic::dp::knapsack-unbounded
377,pat_topic::dp::knapsack-unbounded
279,pat_topic::dp::knapsack-unbounded
983,pat_topic::dp::knapsack-unbounded
1449,pat_topic::dp::knapsack-unbounded
312,pat_topic::dp::interval-dp
1130,pat_topic::dp::interval-dp
1547,pat_topic::dp::interval-dp
96,pat_topic::dp::interval-dp
95,pat_topic::dp::interval-dp
87,pat_topic::dp::interval-dp
121,pat_topic::dp::state-machine-dp
122,pat_topic::dp::state-machine-dp
123,pat_topic::dp::state-machine-dp
188,pat_topic::dp::state-machine-dp
309,pat_topic::dp::state-machine-dp
714,pat_topic::dp::state-machine-dp
188,pat_topic::dp::state-machine-dp
847,pat_topic::dp::bitmask-dp
943,pat_topic::dp::bitmask-dp
698,pat_topic::dp::bitmask-dp
1125,pat_topic::dp::bitmask-dp
1255,pat_topic::dp::bitmask-dp
526,pat_topic::dp::bitmask-dp
337,pat_topic::dp::tree-dp
124,pat_topic::dp::tree-dp
968,pat_topic::dp::tree-dp
543,pat_topic::dp::tree-dp
1372,pat_topic::dp::tree-dp
78,pat_topic::backtrack::subset-combination
90,pat_topic::backtrack::subset-combination
39,pat_topic::backtrack::subset-combination
40,pat_topic::backtrack::subset-combination
216,pat_topic::backtrack::subset-combination
491,pat_topic::backtrack::subset-combination
46,pat_topic::backtrack::permutation
47,pat_topic::backtrack::permutation
31,pat_topic::backtrack::permutation
60,pat_topic::backtrack::permutation
526,pat_topic::backtrack::permutation
131,pat_topic::backtrack::partition-on-string
93,pat_topic::backtrack::partition-on-string
282,pat_topic::backtrack::partition-on-string
140,pat_topic::backtrack::partition-on-string
51,pat_topic::backtrack::board-fill
52,pat_topic::backtrack::board-fill
37,pat_topic::backtrack::board-fill
79,pat_topic::backtrack::word-search-dfs
212,pat_topic::backtrack::word-search-dfs
980,pat_topic::backtrack::word-search-dfs
11,pat_topic::two-pointers::tp-converging
15,pat_topic::two-pointers::tp-converging
16,pat_topic::two-pointers::tp-converging
42,pat_topic::two-pointers::tp-converging
167,pat_topic::two-pointers::tp-converging
125,pat_topic::two-pointers::tp-converging
680,pat_topic::two-pointers::tp-converging
141,pat_topic::two-pointers::tp-fast-slow
142,pat_topic::two-pointers::tp-fast-slow
287,pat_topic::two-pointers::tp-fast-slow
876,pat_topic::two-pointers::tp-fast-slow
234,pat_topic::two-pointers::tp-fast-slow
19,pat_topic::two-pointers::tp-fast-slow
88,pat_topic::two-pointers::tp-merge-walk
21,pat_topic::two-pointers::tp-merge-walk
4,pat_topic::two-pointers::tp-merge-walk
349,pat_topic::two-pointers::tp-merge-walk
643,pat_topic::sliding-window::sw-fixed
1456,pat_topic::sliding-window::sw-fixed
1423,pat_topic::sliding-window::sw-fixed
2461,pat_topic::sliding-window::sw-fixed
567,pat_topic::sliding-window::sw-fixed
438,pat_topic::sliding-window::sw-fixed
3,pat_topic::sliding-window::sw-shrink-violation
209,pat_topic::sliding-window::sw-shrink-violation
76,pat_topic::sliding-window::sw-shrink-violation
159,pat_topic::sliding-window::sw-shrink-violation
340,pat_topic::sliding-window::sw-shrink-violation
904,pat_topic::sliding-window::sw-shrink-violation
992,pat_topic::sliding-window::sw-at-most-k
930,pat_topic::sliding-window::sw-at-most-k
1248,pat_topic::sliding-window::sw-at-most-k
34,pat_topic::binary-search::bs-textbook
35,pat_topic::binary-search::bs-textbook
704,pat_topic::binary-search::bs-textbook
278,pat_topic::binary-search::bs-textbook
744,pat_topic::binary-search::bs-textbook
875,pat_topic::binary-search::bs-textbook
875,pat_topic::binary-search::bs-on-answer
1011,pat_topic::binary-search::bs-on-answer
410,pat_topic::binary-search::bs-on-answer
1482,pat_topic::binary-search::bs-on-answer
2141,pat_topic::binary-search::bs-on-answer
1898,pat_topic::binary-search::bs-on-answer
2616,pat_topic::binary-search::bs-on-answer
2517,pat_topic::binary-search::bs-on-answer
33,pat_topic::binary-search::bs-rotated
81,pat_topic::binary-search::bs-rotated
153,pat_topic::binary-search::bs-rotated
154,pat_topic::binary-search::bs-rotated
162,pat_topic::binary-search::bs-rotated
852,pat_topic::binary-search::bs-rotated
56,pat_topic::greedy::sort-and-sweep
57,pat_topic::greedy::sort-and-sweep
252,pat_topic::greedy::sort-and-sweep
253,pat_topic::greedy::sort-and-sweep
435,pat_topic::greedy::sort-and-sweep
452,pat_topic::greedy::sort-and-sweep
759,pat_topic::greedy::sort-and-sweep
1851,pat_topic::greedy::sort-and-sweep
179,pat_topic::greedy::exchange-argument
406,pat_topic::greedy::exchange-argument
881,pat_topic::greedy::exchange-argument
1029,pat_topic::greedy::exchange-argument
870,pat_topic::greedy::exchange-argument
121,pat_topic::greedy::running-extreme
122,pat_topic::greedy::running-extreme
152,pat_topic::greedy::running-extreme
53,pat_topic::greedy::running-extreme
136,pat_topic::bits::xor-cancel
137,pat_topic::bits::xor-cancel
260,pat_topic::bits::xor-cancel
268,pat_topic::bits::xor-cancel
389,pat_topic::bits::xor-cancel
191,pat_topic::bits::kernighan-popcount
338,pat_topic::bits::kernighan-popcount
461,pat_topic::bits::kernighan-popcount
231,pat_topic::bits::power-of-two-trick
342,pat_topic::bits::power-of-two-trick
191,pat_topic::bits::power-of-two-trick
191,pat_topic::bits::power-of-two-trick
78,pat_topic::bits::bitmask-enumerate
90,pat_topic::bits::bitmask-enumerate
187,pat_topic::bits::bitmask-enumerate
1239,pat_topic::bits::bitmask-enumerate
1255,pat_topic::bits::bitmask-enumerate
204,pat_topic::math::sieve
2761,pat_topic::math::sieve
50,pat_topic::math::fast-power
372,pat_topic::math::fast-power
1622,pat_topic::math::fast-power
1359,pat_topic::math::fast-power
1071,pat_topic::math::gcd-lcm
914,pat_topic::math::gcd-lcm
365,pat_topic::math::gcd-lcm
268,pat_topic::math::sum-formulas
1295,pat_topic::math::sum-formulas
728,pat_topic::math::sum-formulas
15,pat_topic::sorting::sort-then-twoptr
16,pat_topic::sorting::sort-then-twoptr
18,pat_topic::sorting::sort-then-twoptr
167,pat_topic::sorting::sort-then-twoptr
88,pat_topic::sorting::sort-then-twoptr
347,pat_topic::sorting::bucket-sort-freq
451,pat_topic::sorting::bucket-sort-freq
692,pat_topic::sorting::bucket-sort-freq
215,pat_topic::sorting::quickselect
973,pat_topic::sorting::quickselect
1985,pat_topic::sorting::quickselect
315,pat_topic::sorting::merge-sort-counting
327,pat_topic::sorting::merge-sort-counting
493,pat_topic::sorting::merge-sort-counting
303,pat_topic::prefix-sum::ps-1d
724,pat_topic::prefix-sum::ps-1d
1480,pat_topic::prefix-sum::ps-1d
304,pat_topic::prefix-sum::ps-2d
1314,pat_topic::prefix-sum::ps-2d
1292,pat_topic::prefix-sum::ps-2d
363,pat_topic::prefix-sum::ps-2d
560,pat_topic::prefix-sum::ps-hashmap
974,pat_topic::prefix-sum::ps-hashmap
525,pat_topic::prefix-sum::ps-hashmap
523,pat_topic::prefix-sum::ps-hashmap
1248,pat_topic::prefix-sum::ps-hashmap
370,pat_topic::prefix-sum::difference-array
1109,pat_topic::prefix-sum::difference-array
1854,pat_topic::prefix-sum::difference-array
1893,pat_topic::prefix-sum::difference-array
48,pat_ds::matrices::core::mat-rotate
189,pat_ds::matrices::core::mat-rotate
54,pat_ds::matrices::core::mat-spiral
59,pat_ds::matrices::core::mat-spiral
885,pat_ds::matrices::core::mat-spiral
73,pat_ds::matrices::core::mat-set-zeros
200,pat_ds::matrices::core::mat-grid-dfs-bfs
695,pat_ds::matrices::core::mat-grid-dfs-bfs
130,pat_ds::matrices::core::mat-grid-dfs-bfs
463,pat_ds::matrices::core::mat-grid-dfs-bfs
733,pat_ds::matrices::core::mat-grid-dfs-bfs
1254,pat_ds::matrices::core::mat-grid-dfs-bfs
98,pat_ds::bst::core::inorder-bst
230,pat_ds::bst::core::inorder-bst
173,pat_ds::bst::core::inorder-bst
285,pat_ds::bst::core::inorder-bst
270,pat_ds::bst::core::inorder-bst
783,pat_ds::bst::core::inorder-bst
99,pat_ds::bst::core::inorder-bst
98,pat_ds::bst::core::bst-bounds-validate
333,pat_ds::bst::core::bst-bounds-validate
235,pat_ds::bst::core::bst-lca
270,pat_ds::bst::core::bst-lca
285,pat_ds::bst::core::bst-lca
701,pat_ds::bst::core::bst-insert-delete
450,pat_ds::bst::core::bst-insert-delete
700,pat_ds::bst::core::bst-insert-delete
938,pat_ds::bst::core::bst-insert-delete
200,pat_topic::dfs::dfs-template
695,pat_topic::dfs::dfs-template
547,pat_topic::dfs::dfs-template
133,pat_topic::dfs::dfs-template
417,pat_topic::dfs::dfs-template
144,pat_topic::dfs::dfs-tree-orders
94,pat_topic::dfs::dfs-tree-orders
145,pat_topic::dfs::dfs-tree-orders
104,pat_topic::dfs::dfs-tree-orders
543,pat_topic::dfs::dfs-tree-orders
124,pat_topic::dfs::dfs-tree-orders
200,pat_topic::dfs::dfs-grid-flood
695,pat_topic::dfs::dfs-grid-flood
130,pat_topic::dfs::dfs-grid-flood
733,pat_topic::dfs::dfs-grid-flood
463,pat_topic::dfs::dfs-grid-flood
46,pat_topic::dfs::dfs-backtrack-undo
78,pat_topic::dfs::dfs-backtrack-undo
39,pat_topic::dfs::dfs-backtrack-undo
51,pat_topic::dfs::dfs-backtrack-undo
79,pat_topic::dfs::dfs-backtrack-undo
173,pat_topic::dfs::dfs-iterative-stack
341,pat_topic::dfs::dfs-iterative-stack
94,pat_topic::dfs::dfs-iterative-stack
144,pat_topic::dfs::dfs-iterative-stack
145,pat_topic::dfs::dfs-iterative-stack
102,pat_topic::bfs::bfs-level-order
103,pat_topic::bfs::bfs-level-order
199,pat_topic::bfs::bfs-level-order
515,pat_topic::bfs::bfs-level-order
1161,pat_topic::bfs::bfs-level-order
314,pat_topic::bfs::bfs-level-order
127,pat_topic::bfs::bfs-shortest-unweighted
752,pat_topic::bfs::bfs-shortest-unweighted
1091,pat_topic::bfs::bfs-shortest-unweighted
433,pat_topic::bfs::bfs-shortest-unweighted
433,pat_topic::bfs::bfs-shortest-unweighted
1730,pat_topic::bfs::bfs-shortest-unweighted
994,pat_topic::bfs::bfs-multi-source
542,pat_topic::bfs::bfs-multi-source
286,pat_topic::bfs::bfs-multi-source
1162,pat_topic::bfs::bfs-multi-source
317,pat_topic::bfs::bfs-multi-source
1765,pat_topic::bfs::bfs-multi-source
127,pat_topic::bfs::bfs-bidirectional
126,pat_topic::bfs::bfs-bidirectional
752,pat_topic::bfs::bfs-bidirectional
1368,pat_topic::bfs::bfs-zero-one
2290,pat_topic::bfs::bfs-zero-one
934,pat_topic::bfs::bfs-zero-one
496,pat_topic::stack-topic::monotonic-stack
503,pat_topic::stack-topic::monotonic-stack
739,pat_topic::stack-topic::monotonic-stack
84,pat_topic::stack-topic::monotonic-stack
85,pat_topic::stack-topic::monotonic-stack
42,pat_topic::stack-topic::monotonic-stack
901,pat_topic::stack-topic::monotonic-stack
1019,pat_topic::stack-topic::monotonic-stack
84,pat_topic::stack-topic::monotonic-stack-2pass
907,pat_topic::stack-topic::monotonic-stack-2pass
1856,pat_topic::stack-topic::monotonic-stack-2pass
2104,pat_topic::stack-topic::monotonic-stack-2pass
2334,pat_topic::stack-topic::monotonic-stack-2pass
1047,pat_topic::stack-topic::parens-rewrite
1209,pat_topic::stack-topic::parens-rewrite
402,pat_topic::stack-topic::parens-rewrite
316,pat_topic::stack-topic::parens-rewrite
1249,pat_topic::stack-topic::parens-rewrite
20,pat_topic::stack-topic::bracket-match
32,pat_topic::stack-topic::bracket-match
921,pat_topic::stack-topic::bracket-match
1249,pat_topic::stack-topic::bracket-match
224,pat_topic::stack-topic::expression-eval
227,pat_topic::stack-topic::expression-eval
772,pat_topic::stack-topic::expression-eval
150,pat_topic::stack-topic::expression-eval
394,pat_topic::stack-topic::expression-eval
1006,pat_topic::stack-topic::expression-eval
394,pat_topic::stack-topic::decode-string
726,pat_topic::stack-topic::decode-string
1106,pat_topic::stack-topic::decode-string
736,pat_topic::stack-topic::decode-string
239,pat_topic::deque-topic::monotonic-deque
1438,pat_topic::deque-topic::monotonic-deque
862,pat_topic::deque-topic::monotonic-deque
918,pat_topic::deque-topic::monotonic-deque
1696,pat_topic::deque-topic::monotonic-deque
1696,pat_topic::deque-topic::deque-window-constraint
918,pat_topic::deque-topic::deque-window-constraint
1499,pat_topic::deque-topic::deque-window-constraint
212,pat_topic::trie-topic::trie-grid-dfs
79,pat_topic::trie-topic::trie-grid-dfs
642,pat_topic::trie-topic::trie-autocomplete
1268,pat_topic::trie-topic::trie-autocomplete
648,pat_topic::trie-topic::trie-autocomplete
421,pat_topic::trie-topic::trie-xor-max
1707,pat_topic::trie-topic::trie-xor-max
1803,pat_topic::trie-topic::trie-xor-max
547,pat_topic::union-find::uf-basic
200,pat_topic::union-find::uf-basic
261,pat_topic::union-find::uf-basic
323,pat_topic::union-find::uf-basic
684,pat_topic::union-find::uf-basic
685,pat_topic::union-find::uf-basic
952,pat_topic::union-find::uf-with-size
1101,pat_topic::union-find::uf-with-size
990,pat_topic::union-find::uf-with-size
1202,pat_topic::union-find::uf-with-size
1319,pat_topic::union-find::uf-with-size
2092,pat_topic::union-find::uf-with-size
399,pat_topic::union-find::uf-weighted
1697,pat_topic::union-find::uf-weighted
2076,pat_topic::union-find::uf-weighted
803,pat_topic::union-find::uf-reverse-time
305,pat_topic::union-find::uf-reverse-time
1970,pat_topic::union-find::uf-reverse-time
2092,pat_topic::union-find::uf-reverse-time
